tax_value,zestimate_amount,bathrooms,latitude,bedrooms,home_size,MURDER & NON NEGL. MANSLAUGHTER_last_3_years,RAPE_last_3_years,ROBBERY_last_3_years,TOTAL SEVEN MAJOR FELONY OFFENSES_last_3_years,schools_Number Tested,schools_mean score,home_type_Apartment,home_type_Condominium,home_type_Cooperative,home_type_Duplex,home_type_Miscellaneous,home_type_MultiFamily2To4,home_type_Quadruplex,home_type_SingleFamily,home_type_Townhouse,home_type_Unknown,neighborhood_Battery Park,neighborhood_Bedford-Stuyvesant,neighborhood_Borough Park,neighborhood_Carnegie Hill,neighborhood_Chelsea,neighborhood_Chinatown,neighborhood_Clinton,neighborhood_East Harlem,neighborhood_East Village,neighborhood_Greenwich Village,neighborhood_Hamilton Heights,neighborhood_Harlem,neighborhood_Inwood,neighborhood_Lower East Side,neighborhood_Morningside Heights,neighborhood_North Sutton Area,neighborhood_Soho,neighborhood_Tribeca,neighborhood_Upper East Side,neighborhood_Upper West Side,neighborhood_Washington Heights,neighborhood_West Village,neighborhood_Williamsburg,neighborhood_Yorkville
263337.5,0.0,1.5,40.709596,2.0,982.0,0.333333333333,9.0,65.6666666667,1356.66666667,15070.0,328.32285,0.0,1.0,0.0,0.0,0.0,0.0,0.0,0.0,0.0,0.0,1.0,0.0,0.0,0.0,0.0,0.0,0.0,0.0,0.0,0.0,0.0,0.0,0.0,0.0,0.0,0.0,0.0,0.0,0.0,0.0,0.0,0.0,0.0,0.0
380911.0,0.0,1.0,40.716257,1.0,875.0,0.333333333333,9.0,65.6666666667,1356.66666667,15070.0,328.32285,0.0,0.0,0.0,0.0,0.0,1.0,0.0,0.0,0.0,0.0,1.0,0.0,0.0,0.0,0.0,0.0,0.0,0.0,0.0,0.0,0.0,0.0,0.0,0.0,0.0,0.0,0.0,0.0,0.0,0.0,0.0,0.0,0.0,0.0
315456.0,0.0,2.0,40.7284745,2.0,1870.0,0.333333333333,9.0,65.6666666667,1356.66666667,15070.0,328.32285,0.0,0.0,0.0,0.0,0.0,0.0,0.0,1.0,0.0,0.0,1.0,0.0,0.0,0.0,0.0,0.0,0.0,0.0,0.0,0.0,0.0,0.0,0.0,0.0,0.0,0.0,0.0,0.0,0.0,0.0,0.0,0.0,0.0,0.0
1050088.5,0.0,1.0,40.6929565,1.0,4051.5,0.666666666667,7.33333333333,122.333333333,741.333333333,4581.0,307.0034,1.0,0.0,0.0,0.0,0.0,0.0,0.0,0.0,0.0,0.0,0.0,1.0,0.0,0.0,0.0,0.0,0.0,0.0,0.0,0.0,0.0,0.0,0.0,0.0,0.0,0.0,0.0,0.0,0.0,0.0,0.0,0.0,0.0,0.0
483000.0,0.0,2.25,40.68993,2.0,2610.0,0.666666666667,7.33333333333,122.333333333,741.333333333,4581.0,307.0034,0.0,0.0,0.0,1.0,0.0,0.0,0.0,0.0,0.0,0.0,0.0,1.0,0.0,0.0,0.0,0.0,0.0,0.0,0.0,0.0,0.0,0.0,0.0,0.0,0.0,0.0,0.0,0.0,0.0,0.0,0.0,0.0,0.0,0.0
590500.0,0.0,1.0,40.688079,1.0,2800.0,0.666666666667,7.33333333333,122.333333333,741.333333333,4581.0,307.0034,0.0,0.0,0.0,0.0,0.0,1.0,0.0,0.0,0.0,0.0,0.0,1.0,0.0,0.0,0.0,0.0,0.0,0.0,0.0,0.0,0.0,0.0,0.0,0.0,0.0,0.0,0.0,0.0,0.0,0.0,0.0,0.0,0.0,0.0
268000.0,0.0,2.0,40.697734,2.0,1509.0,0.666666666667,7.33333333333,122.333333333,741.333333333,4581.0,307.0034,0.0,0.0,0.0,0.0,0.0,0.0,0.0,1.0,0.0,0.0,0.0,1.0,0.0,0.0,0.0,0.0,0.0,0.0,0.0,0.0,0.0,0.0,0.0,0.0,0.0,0.0,0.0,0.0,0.0,0.0,0.0,0.0,0.0,0.0
780500.0,0.0,3.0,40.684855,4.0,2930.0,0.666666666667,7.33333333333,122.333333333,741.333333333,4581.0,307.0034,0.0,0.0,0.0,0.0,0.0,0.0,0.0,0.0,1.0,0.0,0.0,1.0,0.0,0.0,0.0,0.0,0.0,0.0,0.0,0.0,0.0,0.0,0.0,0.0,0.0,0.0,0.0,0.0,0.0,0.0,0.0,0.0,0.0,0.0
795375.5,0.0,1.0,40.643326,1.0,1490.0,0.666666666667,7.33333333333,122.333333333,741.333333333,4581.0,307.0034,1.0,0.0,0.0,0.0,0.0,0.0,0.0,0.0,0.0,0.0,0.0,0.0,1.0,0.0,0.0,0.0,0.0,0.0,0.0,0.0,0.0,0.0,0.0,0.0,0.0,0.0,0.0,0.0,0.0,0.0,0.0,0.0,0.0,0.0
301606.0,0.0,1.5,40.646385,2.0,943.0,0.666666666667,7.33333333333,122.333333333,741.333333333,4581.0,307.0034,0.0,1.0,0.0,0.0,0.0,0.0,0.0,0.0,0.0,0.0,0.0,0.0,1.0,0.0,0.0,0.0,0.0,0.0,0.0,0.0,0.0,0.0,0.0,0.0,0.0,0.0,0.0,0.0,0.0,0.0,0.0,0.0,0.0,0.0
178295.0,0.0,1.0,40.647488,2.0,1200.0,0.666666666667,7.33333333333,122.333333333,741.333333333,4581.0,307.0034,0.0,0.0,1.0,0.0,0.0,0.0,0.0,0.0,0.0,0.0,0.0,0.0,1.0,0.0,0.0,0.0,0.0,0.0,0.0,0.0,0.0,0.0,0.0,0.0,0.0,0.0,0.0,0.0,0.0,0.0,0.0,0.0,0.0,0.0
766000.0,0.0,2.25,40.64587,2.0,1944.0,0.333333333333,9.0,65.6666666667,1356.66666667,15070.0,328.32285,0.0,0.0,0.0,1.0,0.0,0.0,0.0,0.0,0.0,0.0,0.0,0.0,1.0,0.0,0.0,0.0,0.0,0.0,0.0,0.0,0.0,0.0,0.0,0.0,0.0,0.0,0.0,0.0,0.0,0.0,0.0,0.0,0.0,0.0
858000.0,0.0,1.0,40.6433205,1.0,1142.0,0.666666666667,7.33333333333,122.333333333,741.333333333,4581.0,307.0034,0.0,0.0,0.0,0.0,0.0,1.0,0.0,0.0,0.0,0.0,0.0,0.0,1.0,0.0,0.0,0.0,0.0,0.0,0.0,0.0,0.0,0.0,0.0,0.0,0.0,0.0,0.0,0.0,0.0,0.0,0.0,0.0,0.0,0.0
722000.0,0.0,2.0,40.64666,2.0,1632.0,0.666666666667,7.33333333333,122.333333333,741.333333333,4581.0,307.0034,0.0,0.0,0.0,0.0,0.0,0.0,0.0,1.0,0.0,0.0,0.0,0.0,1.0,0.0,0.0,0.0,0.0,0.0,0.0,0.0,0.0,0.0,0.0,0.0,0.0,0.0,0.0,0.0,0.0,0.0,0.0,0.0,0.0,0.0
14815000.0,0.0,1.0,40.7829275,1.0,9860.0,0.333333333333,9.0,102.333333333,1960.33333333,15070.0,328.32285,1.0,0.0,0.0,0.0,0.0,0.0,0.0,0.0,0.0,0.0,0.0,0.0,0.0,1.0,0.0,0.0,0.0,0.0,0.0,0.0,0.0,0.0,0.0,0.0,0.0,0.0,0.0,0.0,0.0,0.0,0.0,0.0,0.0,0.0
447851.0,0.0,1.5,40.785259,2.0,1826.0,0.333333333333,9.0,102.333333333,1960.33333333,15070.0,328.32285,0.0,1.0,0.0,0.0,0.0,0.0,0.0,0.0,0.0,0.0,0.0,0.0,0.0,1.0,0.0,0.0,0.0,0.0,0.0,0.0,0.0,0.0,0.0,0.0,0.0,0.0,0.0,0.0,0.0,0.0,0.0,0.0,0.0,0.0
14878000.0,0.0,1.0,40.7834955,2.0,74339.0,0.333333333333,9.0,102.333333333,1960.33333333,15070.0,328.32285,0.0,0.0,1.0,0.0,0.0,0.0,0.0,0.0,0.0,0.0,0.0,0.0,0.0,1.0,0.0,0.0,0.0,0.0,0.0,0.0,0.0,0.0,0.0,0.0,0.0,0.0,0.0,0.0,0.0,0.0,0.0,0.0,0.0,0.0
6419500.0,0.0,2.25,40.78501,2.0,3884.0,0.333333333333,9.0,102.333333333,1960.33333333,15070.0,328.32285,0.0,0.0,0.0,1.0,0.0,0.0,0.0,0.0,0.0,0.0,0.0,0.0,0.0,1.0,0.0,0.0,0.0,0.0,0.0,0.0,0.0,0.0,0.0,0.0,0.0,0.0,0.0,0.0,0.0,0.0,0.0,0.0,0.0,0.0
8692000.0,0.0,1.0,40.78262,1.0,5529.0,0.333333333333,9.0,102.333333333,1960.33333333,15070.0,328.32285,0.0,0.0,0.0,0.0,1.0,0.0,0.0,0.0,0.0,0.0,0.0,0.0,0.0,1.0,0.0,0.0,0.0,0.0,0.0,0.0,0.0,0.0,0.0,0.0,0.0,0.0,0.0,0.0,0.0,0.0,0.0,0.0,0.0,0.0
4886000.0,0.0,1.0,40.78301,1.0,1250.0,0.333333333333,9.0,102.333333333,1960.33333333,15070.0,328.32285,0.0,0.0,0.0,0.0,0.0,1.0,0.0,0.0,0.0,0.0,0.0,0.0,0.0,1.0,0.0,0.0,0.0,0.0,0.0,0.0,0.0,0.0,0.0,0.0,0.0,0.0,0.0,0.0,0.0,0.0,0.0,0.0,0.0,0.0
1773000.0,0.0,1.0,40.78658,1.0,5300.0,0.333333333333,9.0,102.333333333,1960.33333333,15070.0,328.32285,0.0,0.0,0.0,0.0,0.0,0.0,1.0,0.0,0.0,0.0,0.0,0.0,0.0,1.0,0.0,0.0,0.0,0.0,0.0,0.0,0.0,0.0,0.0,0.0,0.0,0.0,0.0,0.0,0.0,0.0,0.0,0.0,0.0,0.0
7000000.0,0.0,2.0,40.784325,2.0,4423.5,0.333333333333,9.0,102.333333333,1960.33333333,15070.0,328.32285,0.0,0.0,0.0,0.0,0.0,0.0,0.0,1.0,0.0,0.0,0.0,0.0,0.0,1.0,0.0,0.0,0.0,0.0,0.0,0.0,0.0,0.0,0.0,0.0,0.0,0.0,0.0,0.0,0.0,0.0,0.0,0.0,0.0,0.0
6586000.0,0.0,3.0,40.78507,4.0,4208.0,0.333333333333,9.0,102.333333333,1960.33333333,15070.0,328.32285,0.0,0.0,0.0,0.0,0.0,0.0,0.0,0.0,1.0,0.0,0.0,0.0,0.0,1.0,0.0,0.0,0.0,0.0,0.0,0.0,0.0,0.0,0.0,0.0,0.0,0.0,0.0,0.0,0.0,0.0,0.0,0.0,0.0,0.0
3109000.0,0.0,1.0,40.74428,1.0,3612.0,0.666666666667,10.0,101.333333333,1068.66666667,15070.0,328.32285,1.0,0.0,0.0,0.0,0.0,0.0,0.0,0.0,0.0,0.0,0.0,0.0,0.0,0.0,1.0,0.0,0.0,0.0,0.0,0.0,0.0,0.0,0.0,0.0,0.0,0.0,0.0,0.0,0.0,0.0,0.0,0.0,0.0,0.0
618874.0,0.0,1.5,40.7425,2.0,2270.0,0.666666666667,10.0,101.333333333,1068.66666667,15070.0,328.32285,0.0,1.0,0.0,0.0,0.0,0.0,0.0,0.0,0.0,0.0,0.0,0.0,0.0,0.0,1.0,0.0,0.0,0.0,0.0,0.0,0.0,0.0,0.0,0.0,0.0,0.0,0.0,0.0,0.0,0.0,0.0,0.0,0.0,0.0
3705500.0,0.0,1.0,40.744678,2.0,9577.0,0.666666666667,10.0,101.333333333,1068.66666667,15070.0,328.32285,0.0,0.0,1.0,0.0,0.0,0.0,0.0,0.0,0.0,0.0,0.0,0.0,0.0,0.0,1.0,0.0,0.0,0.0,0.0,0.0,0.0,0.0,0.0,0.0,0.0,0.0,0.0,0.0,0.0,0.0,0.0,0.0,0.0,0.0
5297000.0,0.0,2.25,40.744455,2.0,3300.0,0.666666666667,10.0,101.333333333,1068.66666667,15070.0,328.32285,0.0,0.0,0.0,1.0,0.0,0.0,0.0,0.0,0.0,0.0,0.0,0.0,0.0,0.0,1.0,0.0,0.0,0.0,0.0,0.0,0.0,0.0,0.0,0.0,0.0,0.0,0.0,0.0,0.0,0.0,0.0,0.0,0.0,0.0
2530000.0,0.0,1.0,40.7439505,1.0,1100.0,0.666666666667,10.0,101.333333333,1068.66666667,15070.0,328.32285,0.0,0.0,0.0,0.0,0.0,1.0,0.0,0.0,0.0,0.0,0.0,0.0,0.0,0.0,1.0,0.0,0.0,0.0,0.0,0.0,0.0,0.0,0.0,0.0,0.0,0.0,0.0,0.0,0.0,0.0,0.0,0.0,0.0,0.0
1916500.0,0.0,1.0,40.745682,1.0,4231.0,0.666666666667,10.0,101.333333333,1068.66666667,15070.0,328.32285,0.0,0.0,0.0,0.0,0.0,0.0,1.0,0.0,0.0,0.0,0.0,0.0,0.0,0.0,1.0,0.0,0.0,0.0,0.0,0.0,0.0,0.0,0.0,0.0,0.0,0.0,0.0,0.0,0.0,0.0,0.0,0.0,0.0,0.0
2385000.0,0.0,2.0,40.74464,2.0,4400.0,0.666666666667,10.0,101.333333333,1068.66666667,15070.0,328.32285,0.0,0.0,0.0,0.0,0.0,0.0,0.0,1.0,0.0,0.0,0.0,0.0,0.0,0.0,1.0,0.0,0.0,0.0,0.0,0.0,0.0,0.0,0.0,0.0,0.0,0.0,0.0,0.0,0.0,0.0,0.0,0.0,0.0,0.0
5428000.0,0.0,3.0,40.744289,4.0,4060.0,0.666666666667,10.0,101.333333333,1068.66666667,15070.0,328.32285,0.0,0.0,0.0,0.0,0.0,0.0,0.0,0.0,1.0,0.0,0.0,0.0,0.0,0.0,1.0,0.0,0.0,0.0,0.0,0.0,0.0,0.0,0.0,0.0,0.0,0.0,0.0,0.0,0.0,0.0,0.0,0.0,0.0,0.0
783000.0,0.0,1.5,40.716646,2.0,4156.0,2.0,6.33333333333,92.6666666667,922.333333333,15070.0,328.32285,0.0,1.0,0.0,0.0,0.0,0.0,0.0,0.0,0.0,0.0,0.0,0.0,0.0,0.0,0.0,1.0,0.0,0.0,0.0,0.0,0.0,0.0,0.0,0.0,0.0,0.0,0.0,0.0,0.0,0.0,0.0,0.0,0.0,0.0
1700000.0,0.0,1.0,40.716475,1.0,600.0,2.0,6.33333333333,92.6666666667,922.333333333,15070.0,328.32285,0.0,0.0,0.0,0.0,0.0,1.0,0.0,0.0,0.0,0.0,0.0,0.0,0.0,0.0,0.0,1.0,0.0,0.0,0.0,0.0,0.0,0.0,0.0,0.0,0.0,0.0,0.0,0.0,0.0,0.0,0.0,0.0,0.0,0.0
1317000.0,0.0,2.0,40.7163075,2.0,4587.5,2.0,6.33333333333,92.6666666667,922.333333333,15070.0,328.32285,0.0,0.0,0.0,0.0,0.0,0.0,0.0,1.0,0.0,0.0,0.0,0.0,0.0,0.0,0.0,1.0,0.0,0.0,0.0,0.0,0.0,0.0,0.0,0.0,0.0,0.0,0.0,0.0,0.0,0.0,0.0,0.0,0.0,0.0
2129000.0,0.0,1.0,40.7611345,1.0,5420.0,0.666666666667,13.0,137.666666667,2342.0,15070.0,328.32285,1.0,0.0,0.0,0.0,0.0,0.0,0.0,0.0,0.0,0.0,0.0,0.0,0.0,0.0,0.0,0.0,1.0,0.0,0.0,0.0,0.0,0.0,0.0,0.0,0.0,0.0,0.0,0.0,0.0,0.0,0.0,0.0,0.0,0.0
820000.0,0.0,1.5,40.761268,2.0,1609.0,0.666666666667,13.0,137.666666667,2342.0,15070.0,328.32285,0.0,1.0,0.0,0.0,0.0,0.0,0.0,0.0,0.0,0.0,0.0,0.0,0.0,0.0,0.0,0.0,1.0,0.0,0.0,0.0,0.0,0.0,0.0,0.0,0.0,0.0,0.0,0.0,0.0,0.0,0.0,0.0,0.0,0.0
2257500.0,0.0,1.0,40.761436,2.0,9650.0,0.666666666667,13.0,137.666666667,2342.0,15070.0,328.32285,0.0,0.0,1.0,0.0,0.0,0.0,0.0,0.0,0.0,0.0,0.0,0.0,0.0,0.0,0.0,0.0,1.0,0.0,0.0,0.0,0.0,0.0,0.0,0.0,0.0,0.0,0.0,0.0,0.0,0.0,0.0,0.0,0.0,0.0
3814000.0,0.0,2.25,40.760085,2.0,4478.5,0.666666666667,13.0,137.666666667,2342.0,15070.0,328.32285,0.0,0.0,0.0,1.0,0.0,0.0,0.0,0.0,0.0,0.0,0.0,0.0,0.0,0.0,0.0,0.0,1.0,0.0,0.0,0.0,0.0,0.0,0.0,0.0,0.0,0.0,0.0,0.0,0.0,0.0,0.0,0.0,0.0,0.0
1861000.0,0.0,1.0,40.7613325,1.0,750.0,0.666666666667,13.0,137.666666667,2342.0,15070.0,328.32285,0.0,0.0,0.0,0.0,0.0,1.0,0.0,0.0,0.0,0.0,0.0,0.0,0.0,0.0,0.0,0.0,1.0,0.0,0.0,0.0,0.0,0.0,0.0,0.0,0.0,0.0,0.0,0.0,0.0,0.0,0.0,0.0,0.0,0.0
1306500.0,0.0,1.0,40.761435,1.0,3528.0,0.666666666667,13.0,137.666666667,2342.0,15070.0,328.32285,0.0,0.0,0.0,0.0,0.0,0.0,1.0,0.0,0.0,0.0,0.0,0.0,0.0,0.0,0.0,0.0,1.0,0.0,0.0,0.0,0.0,0.0,0.0,0.0,0.0,0.0,0.0,0.0,0.0,0.0,0.0,0.0,0.0,0.0
1728000.0,0.0,2.0,40.760417,2.0,4016.0,0.666666666667,13.0,137.666666667,2342.0,15070.0,328.32285,0.0,0.0,0.0,0.0,0.0,0.0,0.0,1.0,0.0,0.0,0.0,0.0,0.0,0.0,0.0,0.0,1.0,0.0,0.0,0.0,0.0,0.0,0.0,0.0,0.0,0.0,0.0,0.0,0.0,0.0,0.0,0.0,0.0,0.0
1866000.0,0.0,3.0,40.7610375,4.0,1300.0,0.666666666667,13.0,137.666666667,2342.0,15070.0,328.32285,0.0,0.0,0.0,0.0,0.0,0.0,0.0,0.0,1.0,0.0,0.0,0.0,0.0,0.0,0.0,0.0,1.0,0.0,0.0,0.0,0.0,0.0,0.0,0.0,0.0,0.0,0.0,0.0,0.0,0.0,0.0,0.0,0.0,0.0
630000.0,0.0,1.0,40.79673,1.0,2776.0,5.0,18.6666666667,247.333333333,1029.33333333,5750.0,296.80575,1.0,0.0,0.0,0.0,0.0,0.0,0.0,0.0,0.0,0.0,0.0,0.0,0.0,0.0,0.0,0.0,0.0,1.0,0.0,0.0,0.0,0.0,0.0,0.0,0.0,0.0,0.0,0.0,0.0,0.0,0.0,0.0,0.0,0.0
342000.0,0.0,1.5,40.796685,2.0,2898.0,4.33333333333,24.6666666667,234.666666667,1094.0,5750.0,296.80575,0.0,1.0,0.0,0.0,0.0,0.0,0.0,0.0,0.0,0.0,0.0,0.0,0.0,0.0,0.0,0.0,0.0,1.0,0.0,0.0,0.0,0.0,0.0,0.0,0.0,0.0,0.0,0.0,0.0,0.0,0.0,0.0,0.0,0.0
749000.0,0.0,1.0,40.798266,2.0,7334.5,4.33333333333,24.6666666667,234.666666667,1094.0,5750.0,296.80575,0.0,0.0,1.0,0.0,0.0,0.0,0.0,0.0,0.0,0.0,0.0,0.0,0.0,0.0,0.0,0.0,0.0,1.0,0.0,0.0,0.0,0.0,0.0,0.0,0.0,0.0,0.0,0.0,0.0,0.0,0.0,0.0,0.0,0.0
1014500.0,0.0,2.25,40.79683,2.0,2940.0,4.66666666666,21.6666666667,241.0,1061.66666666,5750.0,296.80575,0.0,0.0,0.0,1.0,0.0,0.0,0.0,0.0,0.0,0.0,0.0,0.0,0.0,0.0,0.0,0.0,0.0,1.0,0.0,0.0,0.0,0.0,0.0,0.0,0.0,0.0,0.0,0.0,0.0,0.0,0.0,0.0,0.0,0.0
1026000.0,0.0,1.0,40.79674,1.0,984.0,4.33333333333,24.6666666667,234.666666667,1094.0,5750.0,296.80575,0.0,0.0,0.0,0.0,0.0,1.0,0.0,0.0,0.0,0.0,0.0,0.0,0.0,0.0,0.0,0.0,0.0,1.0,0.0,0.0,0.0,0.0,0.0,0.0,0.0,0.0,0.0,0.0,0.0,0.0,0.0,0.0,0.0,0.0
491000.0,0.0,1.0,40.796495,1.0,3487.5,4.66666666666,21.6666666667,241.0,1061.66666666,5750.0,296.80575,0.0,0.0,0.0,0.0,0.0,0.0,1.0,0.0,0.0,0.0,0.0,0.0,0.0,0.0,0.0,0.0,0.0,1.0,0.0,0.0,0.0,0.0,0.0,0.0,0.0,0.0,0.0,0.0,0.0,0.0,0.0,0.0,0.0,0.0
615500.0,0.0,2.0,40.79708,2.0,4067.5,4.33333333333,24.6666666667,234.666666667,1094.0,5750.0,296.80575,0.0,0.0,0.0,0.0,0.0,0.0,0.0,1.0,0.0,0.0,0.0,0.0,0.0,0.0,0.0,0.0,0.0,1.0,0.0,0.0,0.0,0.0,0.0,0.0,0.0,0.0,0.0,0.0,0.0,0.0,0.0,0.0,0.0,0.0
874500.0,0.0,3.0,40.796795,4.0,2534.0,4.33333333333,24.6666666667,234.666666667,1094.0,5750.0,296.80575,0.0,0.0,0.0,0.0,0.0,0.0,0.0,0.0,1.0,0.0,0.0,0.0,0.0,0.0,0.0,0.0,0.0,1.0,0.0,0.0,0.0,0.0,0.0,0.0,0.0,0.0,0.0,0.0,0.0,0.0,0.0,0.0,0.0,0.0
2025000.0,0.0,1.0,40.72737,1.0,1920.0,1.66666666667,19.6666666667,127.0,1364.0,4581.0,307.0034,1.0,0.0,0.0,0.0,0.0,0.0,0.0,0.0,0.0,0.0,0.0,0.0,0.0,0.0,0.0,0.0,0.0,0.0,1.0,0.0,0.0,0.0,0.0,0.0,0.0,0.0,0.0,0.0,0.0,0.0,0.0,0.0,0.0,0.0
707700.0,0.0,1.5,40.727165,2.0,3618.0,1.66666666667,19.6666666667,127.0,1364.0,4581.0,307.0034,0.0,1.0,0.0,0.0,0.0,0.0,0.0,0.0,0.0,0.0,0.0,0.0,0.0,0.0,0.0,0.0,0.0,0.0,1.0,0.0,0.0,0.0,0.0,0.0,0.0,0.0,0.0,0.0,0.0,0.0,0.0,0.0,0.0,0.0
2261000.0,0.0,1.0,40.726039,2.0,8995.0,1.66666666667,19.6666666667,127.0,1364.0,4581.0,307.0034,0.0,0.0,1.0,0.0,0.0,0.0,0.0,0.0,0.0,0.0,0.0,0.0,0.0,0.0,0.0,0.0,0.0,0.0,1.0,0.0,0.0,0.0,0.0,0.0,0.0,0.0,0.0,0.0,0.0,0.0,0.0,0.0,0.0,0.0
4730000.0,0.0,2.25,40.725955,2.0,3888.0,1.66666666667,19.6666666667,127.0,1364.0,4581.0,307.0034,0.0,0.0,0.0,1.0,0.0,0.0,0.0,0.0,0.0,0.0,0.0,0.0,0.0,0.0,0.0,0.0,0.0,0.0,1.0,0.0,0.0,0.0,0.0,0.0,0.0,0.0,0.0,0.0,0.0,0.0,0.0,0.0,0.0,0.0
1640000.0,0.0,1.0,40.72503,1.0,2400.0,1.66666666667,19.6666666667,127.0,1364.0,4581.0,307.0034,0.0,0.0,0.0,0.0,1.0,0.0,0.0,0.0,0.0,0.0,0.0,0.0,0.0,0.0,0.0,0.0,0.0,0.0,1.0,0.0,0.0,0.0,0.0,0.0,0.0,0.0,0.0,0.0,0.0,0.0,0.0,0.0,0.0,0.0
1581000.0,0.0,1.0,40.7272995,1.0,750.0,1.66666666667,19.6666666667,127.0,1364.0,4581.0,307.0034,0.0,0.0,0.0,0.0,0.0,1.0,0.0,0.0,0.0,0.0,0.0,0.0,0.0,0.0,0.0,0.0,0.0,0.0,1.0,0.0,0.0,0.0,0.0,0.0,0.0,0.0,0.0,0.0,0.0,0.0,0.0,0.0,0.0,0.0
1391500.0,0.0,1.0,40.7271325,1.0,3706.0,1.66666666667,19.6666666667,127.0,1364.0,4581.0,307.0034,0.0,0.0,0.0,0.0,0.0,0.0,1.0,0.0,0.0,0.0,0.0,0.0,0.0,0.0,0.0,0.0,0.0,0.0,1.0,0.0,0.0,0.0,0.0,0.0,0.0,0.0,0.0,0.0,0.0,0.0,0.0,0.0,0.0,0.0
1545500.0,0.0,2.0,40.727175,2.0,5048.0,1.66666666667,19.6666666667,127.0,1364.0,4581.0,307.0034,0.0,0.0,0.0,0.0,0.0,0.0,0.0,1.0,0.0,0.0,0.0,0.0,0.0,0.0,0.0,0.0,0.0,0.0,1.0,0.0,0.0,0.0,0.0,0.0,0.0,0.0,0.0,0.0,0.0,0.0,0.0,0.0,0.0,0.0
2487500.0,0.0,3.0,40.72611,4.0,3774.0,1.66666666667,19.6666666667,127.0,1364.0,4581.0,307.0034,0.0,0.0,0.0,0.0,0.0,0.0,0.0,0.0,1.0,0.0,0.0,0.0,0.0,0.0,0.0,0.0,0.0,0.0,1.0,0.0,0.0,0.0,0.0,0.0,0.0,0.0,0.0,0.0,0.0,0.0,0.0,0.0,0.0,0.0
5105000.0,0.0,1.0,40.7313735,1.0,4103.0,1.33333333333,9.0,117.666666667,1599.66666667,15070.0,328.32285,1.0,0.0,0.0,0.0,0.0,0.0,0.0,0.0,0.0,0.0,0.0,0.0,0.0,0.0,0.0,0.0,0.0,0.0,0.0,1.0,0.0,0.0,0.0,0.0,0.0,0.0,0.0,0.0,0.0,0.0,0.0,0.0,0.0,0.0
1070000.0,0.0,1.5,40.7325185,2.0,3106.0,1.33333333333,9.0,117.666666667,1599.66666667,15070.0,328.32285,0.0,1.0,0.0,0.0,0.0,0.0,0.0,0.0,0.0,0.0,0.0,0.0,0.0,0.0,0.0,0.0,0.0,0.0,0.0,1.0,0.0,0.0,0.0,0.0,0.0,0.0,0.0,0.0,0.0,0.0,0.0,0.0,0.0,0.0
7792500.0,0.0,1.0,40.7323545,2.0,14196.0,1.33333333333,9.0,117.666666667,1599.66666667,15070.0,328.32285,0.0,0.0,1.0,0.0,0.0,0.0,0.0,0.0,0.0,0.0,0.0,0.0,0.0,0.0,0.0,0.0,0.0,0.0,0.0,1.0,0.0,0.0,0.0,0.0,0.0,0.0,0.0,0.0,0.0,0.0,0.0,0.0,0.0,0.0
7654000.0,0.0,2.25,40.73297,2.0,3672.0,1.33333333333,9.0,117.666666667,1599.66666667,15070.0,328.32285,0.0,0.0,0.0,1.0,0.0,0.0,0.0,0.0,0.0,0.0,0.0,0.0,0.0,0.0,0.0,0.0,0.0,0.0,0.0,1.0,0.0,0.0,0.0,0.0,0.0,0.0,0.0,0.0,0.0,0.0,0.0,0.0,0.0,0.0
1215500.0,0.0,1.0,40.7331275,1.0,6580.0,1.33333333333,9.0,117.666666667,1599.66666667,9825.5,317.663125,0.0,0.0,0.0,0.0,1.0,0.0,0.0,0.0,0.0,0.0,0.0,0.0,0.0,0.0,0.0,0.0,0.0,0.0,0.0,1.0,0.0,0.0,0.0,0.0,0.0,0.0,0.0,0.0,0.0,0.0,0.0,0.0,0.0,0.0
2967000.0,0.0,1.0,40.73184,1.0,1100.0,1.33333333333,9.0,117.666666667,1599.66666667,15070.0,328.32285,0.0,0.0,0.0,0.0,0.0,1.0,0.0,0.0,0.0,0.0,0.0,0.0,0.0,0.0,0.0,0.0,0.0,0.0,0.0,1.0,0.0,0.0,0.0,0.0,0.0,0.0,0.0,0.0,0.0,0.0,0.0,0.0,0.0,0.0
1724000.0,0.0,1.0,40.733675,1.0,3000.0,1.33333333333,9.0,117.666666667,1599.66666667,15070.0,328.32285,0.0,0.0,0.0,0.0,0.0,0.0,1.0,0.0,0.0,0.0,0.0,0.0,0.0,0.0,0.0,0.0,0.0,0.0,0.0,1.0,0.0,0.0,0.0,0.0,0.0,0.0,0.0,0.0,0.0,0.0,0.0,0.0,0.0,0.0
3250000.0,0.0,2.0,40.733069,2.0,4786.0,1.33333333333,9.0,117.666666667,1599.66666667,15070.0,328.32285,0.0,0.0,0.0,0.0,0.0,0.0,0.0,1.0,0.0,0.0,0.0,0.0,0.0,0.0,0.0,0.0,0.0,0.0,0.0,1.0,0.0,0.0,0.0,0.0,0.0,0.0,0.0,0.0,0.0,0.0,0.0,0.0,0.0,0.0
6297200.0,0.0,3.0,40.7337945,4.0,4400.0,1.33333333333,9.0,117.666666667,1599.66666667,15070.0,328.32285,0.0,0.0,0.0,0.0,0.0,0.0,0.0,0.0,1.0,0.0,0.0,0.0,0.0,0.0,0.0,0.0,0.0,0.0,0.0,1.0,0.0,0.0,0.0,0.0,0.0,0.0,0.0,0.0,0.0,0.0,0.0,0.0,0.0,0.0
1242000.0,0.0,1.0,40.82516,1.0,1350.0,4.0,19.6666666667,178.666666667,771.333333333,9960.0,292.69195,1.0,0.0,0.0,0.0,0.0,0.0,0.0,0.0,0.0,0.0,0.0,0.0,0.0,0.0,0.0,0.0,0.0,0.0,0.0,0.0,1.0,0.0,0.0,0.0,0.0,0.0,0.0,0.0,0.0,0.0,0.0,0.0,0.0,0.0
224999.0,0.0,1.5,40.827068,2.0,4000.0,4.0,19.6666666667,178.666666667,771.333333333,9960.0,292.69195,0.0,1.0,0.0,0.0,0.0,0.0,0.0,0.0,0.0,0.0,0.0,0.0,0.0,0.0,0.0,0.0,0.0,0.0,0.0,0.0,1.0,0.0,0.0,0.0,0.0,0.0,0.0,0.0,0.0,0.0,0.0,0.0,0.0,0.0
1042500.0,0.0,1.0,40.82444,2.0,14786.0,4.0,19.6666666667,178.666666667,771.333333333,9960.0,292.69195,0.0,0.0,1.0,0.0,0.0,0.0,0.0,0.0,0.0,0.0,0.0,0.0,0.0,0.0,0.0,0.0,0.0,0.0,0.0,0.0,1.0,0.0,0.0,0.0,0.0,0.0,0.0,0.0,0.0,0.0,0.0,0.0,0.0,0.0
1305500.0,0.0,2.25,40.825899,2.0,3568.0,4.0,19.6666666667,178.666666667,771.333333333,9960.0,292.69195,0.0,0.0,0.0,1.0,0.0,0.0,0.0,0.0,0.0,0.0,0.0,0.0,0.0,0.0,0.0,0.0,0.0,0.0,0.0,0.0,1.0,0.0,0.0,0.0,0.0,0.0,0.0,0.0,0.0,0.0,0.0,0.0,0.0,0.0
1297000.0,0.0,1.0,40.824835,1.0,1200.0,4.0,19.6666666667,178.666666667,771.333333333,9960.0,292.69195,0.0,0.0,0.0,0.0,0.0,1.0,0.0,0.0,0.0,0.0,0.0,0.0,0.0,0.0,0.0,0.0,0.0,0.0,0.0,0.0,1.0,0.0,0.0,0.0,0.0,0.0,0.0,0.0,0.0,0.0,0.0,0.0,0.0,0.0
465500.0,0.0,1.0,40.8254325,1.0,3563.0,4.0,19.6666666667,178.666666667,771.333333333,9960.0,292.69195,0.0,0.0,0.0,0.0,0.0,0.0,1.0,0.0,0.0,0.0,0.0,0.0,0.0,0.0,0.0,0.0,0.0,0.0,0.0,0.0,1.0,0.0,0.0,0.0,0.0,0.0,0.0,0.0,0.0,0.0,0.0,0.0,0.0,0.0
1409000.0,0.0,2.0,40.824725,2.0,3911.0,4.0,19.6666666667,178.666666667,771.333333333,9960.0,292.69195,0.0,0.0,0.0,0.0,0.0,0.0,0.0,1.0,0.0,0.0,0.0,0.0,0.0,0.0,0.0,0.0,0.0,0.0,0.0,0.0,1.0,0.0,0.0,0.0,0.0,0.0,0.0,0.0,0.0,0.0,0.0,0.0,0.0,0.0
1212000.0,0.0,3.0,40.82504,4.0,3284.0,4.0,19.6666666667,178.666666667,771.333333333,9960.0,292.69195,0.0,0.0,0.0,0.0,0.0,0.0,0.0,0.0,1.0,0.0,0.0,0.0,0.0,0.0,0.0,0.0,0.0,0.0,0.0,0.0,1.0,0.0,0.0,0.0,0.0,0.0,0.0,0.0,0.0,0.0,0.0,0.0,0.0,0.0
990000.0,0.0,1.0,40.8102025,1.0,2280.0,5.33333333333,26.3333333333,264.333333333,1038.66666667,4981.0,285.26345,1.0,0.0,0.0,0.0,0.0,0.0,0.0,0.0,0.0,0.0,0.0,0.0,0.0,0.0,0.0,0.0,0.0,0.0,0.0,0.0,0.0,1.0,0.0,0.0,0.0,0.0,0.0,0.0,0.0,0.0,0.0,0.0,0.0,0.0
180522.0,0.0,1.5,40.809223,2.0,1692.0,4.33333333333,24.6666666667,234.666666667,1038.66666667,4981.0,285.26345,0.0,1.0,0.0,0.0,0.0,0.0,0.0,0.0,0.0,0.0,0.0,0.0,0.0,0.0,0.0,0.0,0.0,0.0,0.0,0.0,0.0,1.0,0.0,0.0,0.0,0.0,0.0,0.0,0.0,0.0,0.0,0.0,0.0,0.0
1173000.0,0.0,1.0,40.809921,2.0,13525.0,4.0,19.6666666667,192.0,896.0,4981.0,285.26345,0.0,0.0,1.0,0.0,0.0,0.0,0.0,0.0,0.0,0.0,0.0,0.0,0.0,0.0,0.0,0.0,0.0,0.0,0.0,0.0,0.0,1.0,0.0,0.0,0.0,0.0,0.0,0.0,0.0,0.0,0.0,0.0,0.0,0.0
1272000.0,0.0,2.25,40.811845,2.0,3332.0,4.33333333333,24.6666666667,234.666666667,1038.66666667,4981.0,285.26345,0.0,0.0,0.0,1.0,0.0,0.0,0.0,0.0,0.0,0.0,0.0,0.0,0.0,0.0,0.0,0.0,0.0,0.0,0.0,0.0,0.0,1.0,0.0,0.0,0.0,0.0,0.0,0.0,0.0,0.0,0.0,0.0,0.0,0.0
423000.0,0.0,1.0,40.80987,1.0,3135.0,3.66666666666,19.6666666667,228.166666666,967.333333335,4981.0,285.26345,0.0,0.0,0.0,0.0,1.0,0.0,0.0,0.0,0.0,0.0,0.0,0.0,0.0,0.0,0.0,0.0,0.0,0.0,0.0,0.0,0.0,1.0,0.0,0.0,0.0,0.0,0.0,0.0,0.0,0.0,0.0,0.0,0.0,0.0
1097000.0,0.0,1.0,40.811,1.0,1230.0,4.33333333333,24.6666666667,234.666666667,1038.66666667,4981.0,285.26345,0.0,0.0,0.0,0.0,0.0,1.0,0.0,0.0,0.0,0.0,0.0,0.0,0.0,0.0,0.0,0.0,0.0,0.0,0.0,0.0,0.0,1.0,0.0,0.0,0.0,0.0,0.0,0.0,0.0,0.0,0.0,0.0,0.0,0.0
358000.0,0.0,1.0,40.808565,1.0,3387.0,4.0,19.6666666667,192.0,896.0,4981.0,285.26345,0.0,0.0,0.0,0.0,0.0,0.0,1.0,0.0,0.0,0.0,0.0,0.0,0.0,0.0,0.0,0.0,0.0,0.0,0.0,0.0,0.0,1.0,0.0,0.0,0.0,0.0,0.0,0.0,0.0,0.0,0.0,0.0,0.0,0.0
1124500.0,0.0,2.0,40.8116725,2.0,3624.0,4.33333333333,24.6666666667,234.666666667,1038.66666667,4981.0,285.26345,0.0,0.0,0.0,0.0,0.0,0.0,0.0,1.0,0.0,0.0,0.0,0.0,0.0,0.0,0.0,0.0,0.0,0.0,0.0,0.0,0.0,1.0,0.0,0.0,0.0,0.0,0.0,0.0,0.0,0.0,0.0,0.0,0.0,0.0
1200000.0,0.0,3.0,40.8089945,4.0,3300.0,4.33333333333,24.6666666667,234.666666667,1038.66666667,4981.0,285.26345,0.0,0.0,0.0,0.0,0.0,0.0,0.0,0.0,1.0,0.0,0.0,0.0,0.0,0.0,0.0,0.0,0.0,0.0,0.0,0.0,0.0,1.0,0.0,0.0,0.0,0.0,0.0,0.0,0.0,0.0,0.0,0.0,0.0,0.0
818000.0,0.0,1.0,40.8686275,1.0,975.0,1.66666666667,20.3333333333,236.333333333,1208.66666667,9960.0,292.69195,1.0,0.0,0.0,0.0,0.0,0.0,0.0,0.0,0.0,0.0,0.0,0.0,0.0,0.0,0.0,0.0,0.0,0.0,0.0,0.0,0.0,0.0,1.0,0.0,0.0,0.0,0.0,0.0,0.0,0.0,0.0,0.0,0.0,0.0
2766500.0,0.0,1.5,40.868475,2.0,44283.0,1.66666666667,20.3333333333,236.333333333,1208.66666667,9960.0,292.69195,0.0,1.0,0.0,0.0,0.0,0.0,0.0,0.0,0.0,0.0,0.0,0.0,0.0,0.0,0.0,0.0,0.0,0.0,0.0,0.0,0.0,0.0,1.0,0.0,0.0,0.0,0.0,0.0,0.0,0.0,0.0,0.0,0.0,0.0
3624000.0,0.0,1.0,40.8705785,2.0,41176.0,1.66666666667,20.3333333333,236.333333333,1208.66666667,9960.0,292.69195,0.0,0.0,1.0,0.0,0.0,0.0,0.0,0.0,0.0,0.0,0.0,0.0,0.0,0.0,0.0,0.0,0.0,0.0,0.0,0.0,0.0,0.0,1.0,0.0,0.0,0.0,0.0,0.0,0.0,0.0,0.0,0.0,0.0,0.0
619000.0,0.0,2.25,40.87616,2.0,2892.0,1.66666666667,20.3333333333,236.333333333,1208.66666667,9960.0,292.69195,0.0,0.0,0.0,1.0,0.0,0.0,0.0,0.0,0.0,0.0,0.0,0.0,0.0,0.0,0.0,0.0,0.0,0.0,0.0,0.0,0.0,0.0,1.0,0.0,0.0,0.0,0.0,0.0,0.0,0.0,0.0,0.0,0.0,0.0
665500.0,0.0,1.0,40.867656,1.0,850.0,1.66666666667,20.3333333333,236.333333333,1208.66666667,9960.0,292.69195,0.0,0.0,0.0,0.0,0.0,1.0,0.0,0.0,0.0,0.0,0.0,0.0,0.0,0.0,0.0,0.0,0.0,0.0,0.0,0.0,0.0,0.0,1.0,0.0,0.0,0.0,0.0,0.0,0.0,0.0,0.0,0.0,0.0,0.0
380000.0,0.0,1.0,40.86874,1.0,3084.0,1.66666666667,20.3333333333,236.333333333,1208.66666667,9960.0,292.69195,0.0,0.0,0.0,0.0,0.0,0.0,1.0,0.0,0.0,0.0,0.0,0.0,0.0,0.0,0.0,0.0,0.0,0.0,0.0,0.0,0.0,0.0,1.0,0.0,0.0,0.0,0.0,0.0,0.0,0.0,0.0,0.0,0.0,0.0
512000.0,0.0,2.0,40.8765295,2.0,2018.5,1.66666666667,20.3333333333,236.333333333,1208.66666667,9960.0,292.69195,0.0,0.0,0.0,0.0,0.0,0.0,0.0,1.0,0.0,0.0,0.0,0.0,0.0,0.0,0.0,0.0,0.0,0.0,0.0,0.0,0.0,0.0,1.0,0.0,0.0,0.0,0.0,0.0,0.0,0.0,0.0,0.0,0.0,0.0
631000.0,0.0,3.0,40.8714055,4.0,1900.0,1.66666666667,20.3333333333,236.333333333,1208.66666667,9960.0,292.69195,0.0,0.0,0.0,0.0,0.0,0.0,0.0,0.0,1.0,0.0,0.0,0.0,0.0,0.0,0.0,0.0,0.0,0.0,0.0,0.0,0.0,0.0,1.0,0.0,0.0,0.0,0.0,0.0,0.0,0.0,0.0,0.0,0.0,0.0
1389000.0,0.0,1.0,40.71957,1.0,1048.0,0.666666666667,7.33333333333,122.333333333,741.333333333,4581.0,307.0034,1.0,0.0,0.0,0.0,0.0,0.0,0.0,0.0,0.0,0.0,0.0,0.0,0.0,0.0,0.0,0.0,0.0,0.0,0.0,0.0,0.0,0.0,0.0,1.0,0.0,0.0,0.0,0.0,0.0,0.0,0.0,0.0,0.0,0.0
340902.0,0.0,1.5,40.71923,2.0,1579.5,1.16666666667,7.33333333333,122.333333333,831.833333333,4581.0,307.0034,0.0,1.0,0.0,0.0,0.0,0.0,0.0,0.0,0.0,0.0,0.0,0.0,0.0,0.0,0.0,0.0,0.0,0.0,0.0,0.0,0.0,0.0,0.0,1.0,0.0,0.0,0.0,0.0,0.0,0.0,0.0,0.0,0.0,0.0
2299000.0,0.0,1.0,40.720225,2.0,11199.0,2.0,6.33333333333,92.6666666667,922.333333333,4581.0,307.0034,0.0,0.0,1.0,0.0,0.0,0.0,0.0,0.0,0.0,0.0,0.0,0.0,0.0,0.0,0.0,0.0,0.0,0.0,0.0,0.0,0.0,0.0,0.0,1.0,0.0,0.0,0.0,0.0,0.0,0.0,0.0,0.0,0.0,0.0
4628500.0,0.0,2.25,40.717896,2.0,4269.5,2.0,6.33333333333,92.6666666667,922.333333333,15070.0,328.32285,0.0,0.0,0.0,1.0,0.0,0.0,0.0,0.0,0.0,0.0,0.0,0.0,0.0,0.0,0.0,0.0,0.0,0.0,0.0,0.0,0.0,0.0,0.0,1.0,0.0,0.0,0.0,0.0,0.0,0.0,0.0,0.0,0.0,0.0
266444.0,0.0,1.0,40.7207535,1.0,41438.5,0.666666666667,7.33333333333,122.333333333,741.333333333,4581.0,307.0034,0.0,0.0,0.0,0.0,1.0,0.0,0.0,0.0,0.0,0.0,0.0,0.0,0.0,0.0,0.0,0.0,0.0,0.0,0.0,0.0,0.0,0.0,0.0,1.0,0.0,0.0,0.0,0.0,0.0,0.0,0.0,0.0,0.0,0.0
640000.0,0.0,1.0,40.718821,1.0,697.5,0.666666666667,7.33333333333,122.333333333,741.333333333,4581.0,307.0034,0.0,0.0,0.0,0.0,0.0,1.0,0.0,0.0,0.0,0.0,0.0,0.0,0.0,0.0,0.0,0.0,0.0,0.0,0.0,0.0,0.0,0.0,0.0,1.0,0.0,0.0,0.0,0.0,0.0,0.0,0.0,0.0,0.0,0.0
850000.0,0.0,1.0,40.71307,1.0,3410.0,0.666666666667,7.33333333333,122.333333333,741.333333333,15070.0,328.32285,0.0,0.0,0.0,0.0,0.0,0.0,1.0,0.0,0.0,0.0,0.0,0.0,0.0,0.0,0.0,0.0,0.0,0.0,0.0,0.0,0.0,0.0,0.0,1.0,0.0,0.0,0.0,0.0,0.0,0.0,0.0,0.0,0.0,0.0
1219000.0,0.0,2.0,40.715825,2.0,4729.0,0.666666666667,7.33333333333,122.333333333,741.333333333,15070.0,328.32285,0.0,0.0,0.0,0.0,0.0,0.0,0.0,1.0,0.0,0.0,0.0,0.0,0.0,0.0,0.0,0.0,0.0,0.0,0.0,0.0,0.0,0.0,0.0,1.0,0.0,0.0,0.0,0.0,0.0,0.0,0.0,0.0,0.0,0.0
818500.0,0.0,3.0,40.716794,4.0,6000.0,1.33333333333,6.83333333333,107.5,831.833333333,9825.5,317.663125,0.0,0.0,0.0,0.0,0.0,0.0,0.0,0.0,1.0,0.0,0.0,0.0,0.0,0.0,0.0,0.0,0.0,0.0,0.0,0.0,0.0,0.0,0.0,1.0,0.0,0.0,0.0,0.0,0.0,0.0,0.0,0.0,0.0,0.0
1919000.0,0.0,1.0,40.8087075,1.0,3444.0,1.5,11.6666666667,159.833333334,765.166666667,6315.0,301.295225,1.0,0.0,0.0,0.0,0.0,0.0,0.0,0.0,0.0,0.0,0.0,0.0,0.0,0.0,0.0,0.0,0.0,0.0,0.0,0.0,0.0,0.0,0.0,0.0,1.0,0.0,0.0,0.0,0.0,0.0,0.0,0.0,0.0,0.0
2089000.0,0.0,1.5,40.807749,2.0,6804.0,2.0,13.0,192.0,896.0,7649.0,317.327,0.0,1.0,0.0,0.0,0.0,0.0,0.0,0.0,0.0,0.0,0.0,0.0,0.0,0.0,0.0,0.0,0.0,0.0,0.0,0.0,0.0,0.0,0.0,0.0,1.0,0.0,0.0,0.0,0.0,0.0,0.0,0.0,0.0,0.0
3143500.0,0.0,1.0,40.80741,2.0,22428.5,1.0,10.3333333333,127.666666667,634.333333333,7649.0,317.327,0.0,0.0,1.0,0.0,0.0,0.0,0.0,0.0,0.0,0.0,0.0,0.0,0.0,0.0,0.0,0.0,0.0,0.0,0.0,0.0,0.0,0.0,0.0,0.0,1.0,0.0,0.0,0.0,0.0,0.0,0.0,0.0,0.0,0.0
1955000.0,0.0,2.25,40.808589,2.0,3600.0,2.0,13.0,192.0,896.0,7649.0,317.327,0.0,0.0,0.0,1.0,0.0,0.0,0.0,0.0,0.0,0.0,0.0,0.0,0.0,0.0,0.0,0.0,0.0,0.0,0.0,0.0,0.0,0.0,0.0,0.0,1.0,0.0,0.0,0.0,0.0,0.0,0.0,0.0,0.0,0.0
1802000.0,0.0,1.0,40.8100365,1.0,1325.0,1.0,10.3333333333,127.666666667,634.333333333,4981.0,285.26345,0.0,0.0,0.0,0.0,0.0,1.0,0.0,0.0,0.0,0.0,0.0,0.0,0.0,0.0,0.0,0.0,0.0,0.0,0.0,0.0,0.0,0.0,0.0,0.0,1.0,0.0,0.0,0.0,0.0,0.0,0.0,0.0,0.0,0.0
303000.0,0.0,1.0,40.808616,1.0,2925.0,2.0,13.0,192.0,896.0,7649.0,317.327,0.0,0.0,0.0,0.0,0.0,0.0,1.0,0.0,0.0,0.0,0.0,0.0,0.0,0.0,0.0,0.0,0.0,0.0,0.0,0.0,0.0,0.0,0.0,0.0,1.0,0.0,0.0,0.0,0.0,0.0,0.0,0.0,0.0,0.0
1841000.0,0.0,2.0,40.80887,2.0,3600.0,2.0,13.0,192.0,896.0,7649.0,317.327,0.0,0.0,0.0,0.0,0.0,0.0,0.0,1.0,0.0,0.0,0.0,0.0,0.0,0.0,0.0,0.0,0.0,0.0,0.0,0.0,0.0,0.0,0.0,0.0,1.0,0.0,0.0,0.0,0.0,0.0,0.0,0.0,0.0,0.0
1652500.0,0.0,3.0,40.808806,4.0,3300.0,2.0,13.0,192.0,896.0,7649.0,317.327,0.0,0.0,0.0,0.0,0.0,0.0,0.0,0.0,1.0,0.0,0.0,0.0,0.0,0.0,0.0,0.0,0.0,0.0,0.0,0.0,0.0,0.0,0.0,0.0,1.0,0.0,0.0,0.0,0.0,0.0,0.0,0.0,0.0,0.0
3835000.0,0.0,1.0,40.75742,1.0,4400.0,0.333333333333,6.66666666667,58.0,973.0,15070.0,328.32285,1.0,0.0,0.0,0.0,0.0,0.0,0.0,0.0,0.0,0.0,0.0,0.0,0.0,0.0,0.0,0.0,0.0,0.0,0.0,0.0,0.0,0.0,0.0,0.0,0.0,1.0,0.0,0.0,0.0,0.0,0.0,0.0,0.0,0.0
390000.0,0.0,1.5,40.756946,2.0,1234.0,0.333333333333,6.66666666667,58.0,973.0,15070.0,328.32285,0.0,1.0,0.0,0.0,0.0,0.0,0.0,0.0,0.0,0.0,0.0,0.0,0.0,0.0,0.0,0.0,0.0,0.0,0.0,0.0,0.0,0.0,0.0,0.0,0.0,1.0,0.0,0.0,0.0,0.0,0.0,0.0,0.0,0.0
17361000.0,0.0,1.0,40.757682,2.0,92105.0,0.333333333333,6.66666666667,58.0,973.0,15070.0,328.32285,0.0,0.0,1.0,0.0,0.0,0.0,0.0,0.0,0.0,0.0,0.0,0.0,0.0,0.0,0.0,0.0,0.0,0.0,0.0,0.0,0.0,0.0,0.0,0.0,0.0,1.0,0.0,0.0,0.0,0.0,0.0,0.0,0.0,0.0
6904000.0,0.0,2.25,40.758224,2.0,4000.0,0.333333333333,6.66666666667,58.0,973.0,15070.0,328.32285,0.0,0.0,0.0,1.0,0.0,0.0,0.0,0.0,0.0,0.0,0.0,0.0,0.0,0.0,0.0,0.0,0.0,0.0,0.0,0.0,0.0,0.0,0.0,0.0,0.0,1.0,0.0,0.0,0.0,0.0,0.0,0.0,0.0,0.0
3490000.0,0.0,1.0,40.758124,1.0,872.0,0.333333333333,6.66666666667,58.0,973.0,15070.0,328.32285,0.0,0.0,0.0,0.0,0.0,1.0,0.0,0.0,0.0,0.0,0.0,0.0,0.0,0.0,0.0,0.0,0.0,0.0,0.0,0.0,0.0,0.0,0.0,0.0,0.0,1.0,0.0,0.0,0.0,0.0,0.0,0.0,0.0,0.0
1896000.0,0.0,1.0,40.7560375,1.0,4186.0,0.333333333333,6.66666666667,58.0,973.0,15070.0,328.32285,0.0,0.0,0.0,0.0,0.0,0.0,1.0,0.0,0.0,0.0,0.0,0.0,0.0,0.0,0.0,0.0,0.0,0.0,0.0,0.0,0.0,0.0,0.0,0.0,0.0,1.0,0.0,0.0,0.0,0.0,0.0,0.0,0.0,0.0
4750000.0,0.0,2.0,40.757415,2.0,4716.5,0.333333333333,6.66666666667,58.0,973.0,15070.0,328.32285,0.0,0.0,0.0,0.0,0.0,0.0,0.0,1.0,0.0,0.0,0.0,0.0,0.0,0.0,0.0,0.0,0.0,0.0,0.0,0.0,0.0,0.0,0.0,0.0,0.0,1.0,0.0,0.0,0.0,0.0,0.0,0.0,0.0,0.0
5411000.0,0.0,3.0,40.757705,4.0,4500.0,0.333333333333,6.66666666667,58.0,973.0,15070.0,328.32285,0.0,0.0,0.0,0.0,0.0,0.0,0.0,0.0,1.0,0.0,0.0,0.0,0.0,0.0,0.0,0.0,0.0,0.0,0.0,0.0,0.0,0.0,0.0,0.0,0.0,1.0,0.0,0.0,0.0,0.0,0.0,0.0,0.0,0.0
5598000.0,0.0,1.0,40.7264715,1.0,9415.5,0.333333333333,9.0,65.6666666667,1356.66666667,15070.0,328.32285,1.0,0.0,0.0,0.0,0.0,0.0,0.0,0.0,0.0,0.0,0.0,0.0,0.0,0.0,0.0,0.0,0.0,0.0,0.0,0.0,0.0,0.0,0.0,0.0,0.0,0.0,1.0,0.0,0.0,0.0,0.0,0.0,0.0,0.0
950931.5,0.0,1.5,40.7252615,2.0,2850.0,0.333333333333,9.0,65.6666666667,1356.66666667,15070.0,328.32285,0.0,1.0,0.0,0.0,0.0,0.0,0.0,0.0,0.0,0.0,0.0,0.0,0.0,0.0,0.0,0.0,0.0,0.0,0.0,0.0,0.0,0.0,0.0,0.0,0.0,0.0,1.0,0.0,0.0,0.0,0.0,0.0,0.0,0.0
6678500.0,0.0,1.0,40.725583,2.0,16450.0,0.333333333333,9.0,65.6666666667,1356.66666667,15070.0,328.32285,0.0,0.0,1.0,0.0,0.0,0.0,0.0,0.0,0.0,0.0,0.0,0.0,0.0,0.0,0.0,0.0,0.0,0.0,0.0,0.0,0.0,0.0,0.0,0.0,0.0,0.0,1.0,0.0,0.0,0.0,0.0,0.0,0.0,0.0
6339000.0,0.0,2.25,40.727265,2.0,3853.0,0.333333333333,9.0,65.6666666667,1356.66666667,15070.0,328.32285,0.0,0.0,0.0,1.0,0.0,0.0,0.0,0.0,0.0,0.0,0.0,0.0,0.0,0.0,0.0,0.0,0.0,0.0,0.0,0.0,0.0,0.0,0.0,0.0,0.0,0.0,1.0,0.0,0.0,0.0,0.0,0.0,0.0,0.0
2940000.0,0.0,1.0,40.726524,1.0,7464.0,0.333333333333,9.0,65.6666666667,1356.66666667,15070.0,328.32285,0.0,0.0,0.0,0.0,1.0,0.0,0.0,0.0,0.0,0.0,0.0,0.0,0.0,0.0,0.0,0.0,0.0,0.0,0.0,0.0,0.0,0.0,0.0,0.0,0.0,0.0,1.0,0.0,0.0,0.0,0.0,0.0,0.0,0.0
3857000.0,0.0,1.0,40.7261565,1.0,1700.0,0.333333333333,9.0,65.6666666667,1356.66666667,15070.0,328.32285,0.0,0.0,0.0,0.0,0.0,1.0,0.0,0.0,0.0,0.0,0.0,0.0,0.0,0.0,0.0,0.0,0.0,0.0,0.0,0.0,0.0,0.0,0.0,0.0,0.0,0.0,1.0,0.0,0.0,0.0,0.0,0.0,0.0,0.0
1617500.0,0.0,1.0,40.726095,1.0,3569.0,0.833333333331,9.0,91.6666666669,1478.16666667,15070.0,328.32285,0.0,0.0,0.0,0.0,0.0,0.0,1.0,0.0,0.0,0.0,0.0,0.0,0.0,0.0,0.0,0.0,0.0,0.0,0.0,0.0,0.0,0.0,0.0,0.0,0.0,0.0,1.0,0.0,0.0,0.0,0.0,0.0,0.0,0.0
2260500.0,0.0,2.0,40.7258575,2.0,4440.0,0.333333333333,9.0,65.6666666667,1356.66666667,15070.0,328.32285,0.0,0.0,0.0,0.0,0.0,0.0,0.0,1.0,0.0,0.0,0.0,0.0,0.0,0.0,0.0,0.0,0.0,0.0,0.0,0.0,0.0,0.0,0.0,0.0,0.0,0.0,1.0,0.0,0.0,0.0,0.0,0.0,0.0,0.0
5293000.0,0.0,3.0,40.72679,4.0,3136.0,0.333333333333,9.0,65.6666666667,1356.66666667,15070.0,328.32285,0.0,0.0,0.0,0.0,0.0,0.0,0.0,0.0,1.0,0.0,0.0,0.0,0.0,0.0,0.0,0.0,0.0,0.0,0.0,0.0,0.0,0.0,0.0,0.0,0.0,0.0,1.0,0.0,0.0,0.0,0.0,0.0,0.0,0.0
3316500.0,0.0,1.0,40.7176795,1.0,1847.5,0.333333333333,9.0,65.6666666667,1356.66666667,15070.0,328.32285,1.0,0.0,0.0,0.0,0.0,0.0,0.0,0.0,0.0,0.0,0.0,0.0,0.0,0.0,0.0,0.0,0.0,0.0,0.0,0.0,0.0,0.0,0.0,0.0,0.0,0.0,0.0,1.0,0.0,0.0,0.0,0.0,0.0,0.0
723335.0,0.0,1.5,40.718479,2.0,3135.0,0.333333333333,9.0,65.6666666667,1356.66666667,15070.0,328.32285,0.0,1.0,0.0,0.0,0.0,0.0,0.0,0.0,0.0,0.0,0.0,0.0,0.0,0.0,0.0,0.0,0.0,0.0,0.0,0.0,0.0,0.0,0.0,0.0,0.0,0.0,0.0,1.0,0.0,0.0,0.0,0.0,0.0,0.0
5483000.0,0.0,1.0,40.719045,2.0,16905.0,0.333333333333,9.0,65.6666666667,1356.66666667,15070.0,328.32285,0.0,0.0,1.0,0.0,0.0,0.0,0.0,0.0,0.0,0.0,0.0,0.0,0.0,0.0,0.0,0.0,0.0,0.0,0.0,0.0,0.0,0.0,0.0,0.0,0.0,0.0,0.0,1.0,0.0,0.0,0.0,0.0,0.0,0.0
6469000.0,0.0,2.25,40.7164215,2.0,8447.5,0.333333333333,9.0,65.6666666667,1356.66666667,15070.0,328.32285,0.0,0.0,0.0,1.0,0.0,0.0,0.0,0.0,0.0,0.0,0.0,0.0,0.0,0.0,0.0,0.0,0.0,0.0,0.0,0.0,0.0,0.0,0.0,0.0,0.0,0.0,0.0,1.0,0.0,0.0,0.0,0.0,0.0,0.0
1911242.5,0.0,1.0,40.718511,1.0,2000.0,0.333333333333,9.0,65.6666666667,1356.66666667,15070.0,328.32285,0.0,0.0,0.0,0.0,0.0,1.0,0.0,0.0,0.0,0.0,0.0,0.0,0.0,0.0,0.0,0.0,0.0,0.0,0.0,0.0,0.0,0.0,0.0,0.0,0.0,0.0,0.0,1.0,0.0,0.0,0.0,0.0,0.0,0.0
2650500.0,0.0,2.0,40.71825,2.0,7111.0,0.333333333333,9.0,65.6666666667,1356.66666667,15070.0,328.32285,0.0,0.0,0.0,0.0,0.0,0.0,0.0,1.0,0.0,0.0,0.0,0.0,0.0,0.0,0.0,0.0,0.0,0.0,0.0,0.0,0.0,0.0,0.0,0.0,0.0,0.0,0.0,1.0,0.0,0.0,0.0,0.0,0.0,0.0
5146500.0,0.0,3.0,40.7185695,4.0,6650.0,0.333333333333,9.0,65.6666666667,1356.66666667,15070.0,328.32285,0.0,0.0,0.0,0.0,0.0,0.0,0.0,0.0,1.0,0.0,0.0,0.0,0.0,0.0,0.0,0.0,0.0,0.0,0.0,0.0,0.0,0.0,0.0,0.0,0.0,0.0,0.0,1.0,0.0,0.0,0.0,0.0,0.0,0.0
4014000.0,0.0,1.0,40.7750575,1.0,4046.0,0.333333333333,9.0,102.333333333,1960.33333333,15070.0,328.32285,1.0,0.0,0.0,0.0,0.0,0.0,0.0,0.0,0.0,0.0,0.0,0.0,0.0,0.0,0.0,0.0,0.0,0.0,0.0,0.0,0.0,0.0,0.0,0.0,0.0,0.0,0.0,0.0,1.0,0.0,0.0,0.0,0.0,0.0
853307.0,0.0,1.5,40.77331,2.0,2199.0,0.333333333333,9.0,102.333333333,1960.33333333,15070.0,328.32285,0.0,1.0,0.0,0.0,0.0,0.0,0.0,0.0,0.0,0.0,0.0,0.0,0.0,0.0,0.0,0.0,0.0,0.0,0.0,0.0,0.0,0.0,0.0,0.0,0.0,0.0,0.0,0.0,1.0,0.0,0.0,0.0,0.0,0.0
13558500.0,0.0,1.0,40.773309,2.0,55179.0,0.333333333333,9.0,102.333333333,1960.33333333,15070.0,328.32285,0.0,0.0,1.0,0.0,0.0,0.0,0.0,0.0,0.0,0.0,0.0,0.0,0.0,0.0,0.0,0.0,0.0,0.0,0.0,0.0,0.0,0.0,0.0,0.0,0.0,0.0,0.0,0.0,1.0,0.0,0.0,0.0,0.0,0.0
7377000.0,0.0,2.25,40.77456,2.0,4160.0,0.333333333333,9.0,102.333333333,1960.33333333,15070.0,328.32285,0.0,0.0,0.0,1.0,0.0,0.0,0.0,0.0,0.0,0.0,0.0,0.0,0.0,0.0,0.0,0.0,0.0,0.0,0.0,0.0,0.0,0.0,0.0,0.0,0.0,0.0,0.0,0.0,1.0,0.0,0.0,0.0,0.0,0.0
5372500.0,0.0,1.0,40.771772,1.0,4874.0,0.333333333333,9.0,102.333333333,1960.33333333,15070.0,328.32285,0.0,0.0,0.0,0.0,1.0,0.0,0.0,0.0,0.0,0.0,0.0,0.0,0.0,0.0,0.0,0.0,0.0,0.0,0.0,0.0,0.0,0.0,0.0,0.0,0.0,0.0,0.0,0.0,1.0,0.0,0.0,0.0,0.0,0.0
3540000.0,0.0,1.0,40.7747235,1.0,750.0,0.333333333333,9.0,102.333333333,1960.33333333,15070.0,328.32285,0.0,0.0,0.0,0.0,0.0,1.0,0.0,0.0,0.0,0.0,0.0,0.0,0.0,0.0,0.0,0.0,0.0,0.0,0.0,0.0,0.0,0.0,0.0,0.0,0.0,0.0,0.0,0.0,1.0,0.0,0.0,0.0,0.0,0.0
1952000.0,0.0,1.0,40.764095,1.0,4032.0,0.333333333333,9.0,102.333333333,1960.33333333,15070.0,328.32285,0.0,0.0,0.0,0.0,0.0,0.0,1.0,0.0,0.0,0.0,0.0,0.0,0.0,0.0,0.0,0.0,0.0,0.0,0.0,0.0,0.0,0.0,0.0,0.0,0.0,0.0,0.0,0.0,1.0,0.0,0.0,0.0,0.0,0.0
7102500.0,0.0,2.0,40.77212,2.0,5738.0,0.333333333333,9.0,102.333333333,1960.33333333,15070.0,328.32285,0.0,0.0,0.0,0.0,0.0,0.0,0.0,1.0,0.0,0.0,0.0,0.0,0.0,0.0,0.0,0.0,0.0,0.0,0.0,0.0,0.0,0.0,0.0,0.0,0.0,0.0,0.0,0.0,1.0,0.0,0.0,0.0,0.0,0.0
8420000.0,0.0,3.0,40.77132,4.0,5100.0,0.333333333333,9.0,102.333333333,1960.33333333,15070.0,328.32285,0.0,0.0,0.0,0.0,0.0,0.0,0.0,0.0,1.0,0.0,0.0,0.0,0.0,0.0,0.0,0.0,0.0,0.0,0.0,0.0,0.0,0.0,0.0,0.0,0.0,0.0,0.0,0.0,1.0,0.0,0.0,0.0,0.0,0.0
3933500.0,0.0,1.0,40.787223,1.0,3624.0,1.33333333333,11.0,144.333333333,1020.0,7649.0,317.327,1.0,0.0,0.0,0.0,0.0,0.0,0.0,0.0,0.0,0.0,0.0,0.0,0.0,0.0,0.0,0.0,0.0,0.0,0.0,0.0,0.0,0.0,0.0,0.0,0.0,0.0,0.0,0.0,0.0,1.0,0.0,0.0,0.0,0.0
294915.0,0.0,1.5,40.788806,2.0,1209.0,1.33333333333,11.0,144.333333333,1020.0,7649.0,317.327,0.0,1.0,0.0,0.0,0.0,0.0,0.0,0.0,0.0,0.0,0.0,0.0,0.0,0.0,0.0,0.0,0.0,0.0,0.0,0.0,0.0,0.0,0.0,0.0,0.0,0.0,0.0,0.0,0.0,1.0,0.0,0.0,0.0,0.0
3737500.0,0.0,1.0,40.787654,2.0,9212.0,1.33333333333,11.0,144.333333333,1020.0,7649.0,317.327,0.0,0.0,1.0,0.0,0.0,0.0,0.0,0.0,0.0,0.0,0.0,0.0,0.0,0.0,0.0,0.0,0.0,0.0,0.0,0.0,0.0,0.0,0.0,0.0,0.0,0.0,0.0,0.0,0.0,1.0,0.0,0.0,0.0,0.0
5471000.0,0.0,2.25,40.788805,2.0,4200.0,1.33333333333,11.0,144.333333333,1020.0,7649.0,317.327,0.0,0.0,0.0,1.0,0.0,0.0,0.0,0.0,0.0,0.0,0.0,0.0,0.0,0.0,0.0,0.0,0.0,0.0,0.0,0.0,0.0,0.0,0.0,0.0,0.0,0.0,0.0,0.0,0.0,1.0,0.0,0.0,0.0,0.0
2626000.0,0.0,1.0,40.7873515,1.0,800.0,0.666666666667,8.0,67.3333333333,913.666666667,7649.0,317.327,0.0,0.0,0.0,0.0,0.0,1.0,0.0,0.0,0.0,0.0,0.0,0.0,0.0,0.0,0.0,0.0,0.0,0.0,0.0,0.0,0.0,0.0,0.0,0.0,0.0,0.0,0.0,0.0,0.0,1.0,0.0,0.0,0.0,0.0
1772000.0,0.0,1.0,40.789535,1.0,4456.0,1.33333333333,11.0,144.333333333,1020.0,7649.0,317.327,0.0,0.0,0.0,0.0,0.0,0.0,1.0,0.0,0.0,0.0,0.0,0.0,0.0,0.0,0.0,0.0,0.0,0.0,0.0,0.0,0.0,0.0,0.0,0.0,0.0,0.0,0.0,0.0,0.0,1.0,0.0,0.0,0.0,0.0
5530000.0,0.0,2.0,40.78742,2.0,4920.0,0.666666666667,8.0,67.3333333333,913.666666667,7649.0,317.327,0.0,0.0,0.0,0.0,0.0,0.0,0.0,1.0,0.0,0.0,0.0,0.0,0.0,0.0,0.0,0.0,0.0,0.0,0.0,0.0,0.0,0.0,0.0,0.0,0.0,0.0,0.0,0.0,0.0,1.0,0.0,0.0,0.0,0.0
5934000.0,0.0,3.0,40.78772,4.0,4152.0,1.33333333333,11.0,144.333333333,1020.0,7649.0,317.327,0.0,0.0,0.0,0.0,0.0,0.0,0.0,0.0,1.0,0.0,0.0,0.0,0.0,0.0,0.0,0.0,0.0,0.0,0.0,0.0,0.0,0.0,0.0,0.0,0.0,0.0,0.0,0.0,0.0,1.0,0.0,0.0,0.0,0.0
1096500.0,0.0,1.0,40.851371,1.0,1675.0,1.66666666667,20.3333333333,236.333333333,1208.66666667,9960.0,292.69195,1.0,0.0,0.0,0.0,0.0,0.0,0.0,0.0,0.0,0.0,0.0,0.0,0.0,0.0,0.0,0.0,0.0,0.0,0.0,0.0,0.0,0.0,0.0,0.0,0.0,0.0,0.0,0.0,0.0,0.0,1.0,0.0,0.0,0.0
190683.5,0.0,1.5,40.852275,2.0,1162.0,1.66666666667,20.3333333333,236.333333333,1208.66666667,9960.0,292.69195,0.0,1.0,0.0,0.0,0.0,0.0,0.0,0.0,0.0,0.0,0.0,0.0,0.0,0.0,0.0,0.0,0.0,0.0,0.0,0.0,0.0,0.0,0.0,0.0,0.0,0.0,0.0,0.0,0.0,0.0,1.0,0.0,0.0,0.0
2419000.0,0.0,1.0,40.851486,2.0,23442.0,1.66666666667,20.3333333333,236.333333333,1208.66666667,9960.0,292.69195,0.0,0.0,1.0,0.0,0.0,0.0,0.0,0.0,0.0,0.0,0.0,0.0,0.0,0.0,0.0,0.0,0.0,0.0,0.0,0.0,0.0,0.0,0.0,0.0,0.0,0.0,0.0,0.0,0.0,0.0,1.0,0.0,0.0,0.0
836000.0,0.0,2.25,40.83555,2.0,3096.0,1.66666666667,19.6666666667,161.333333333,848.333333333,9960.0,292.69195,0.0,0.0,0.0,1.0,0.0,0.0,0.0,0.0,0.0,0.0,0.0,0.0,0.0,0.0,0.0,0.0,0.0,0.0,0.0,0.0,0.0,0.0,0.0,0.0,0.0,0.0,0.0,0.0,0.0,0.0,1.0,0.0,0.0,0.0
195512.0,0.0,1.0,40.854534,1.0,1389.0,1.66666666667,20.3333333333,236.333333333,1208.66666667,9960.0,292.69195,0.0,0.0,0.0,0.0,1.0,0.0,0.0,0.0,0.0,0.0,0.0,0.0,0.0,0.0,0.0,0.0,0.0,0.0,0.0,0.0,0.0,0.0,0.0,0.0,0.0,0.0,0.0,0.0,0.0,0.0,1.0,0.0,0.0,0.0
884000.0,0.0,1.0,40.850764,1.0,850.0,1.66666666667,20.3333333333,236.333333333,1208.66666667,9960.0,292.69195,0.0,0.0,0.0,0.0,0.0,1.0,0.0,0.0,0.0,0.0,0.0,0.0,0.0,0.0,0.0,0.0,0.0,0.0,0.0,0.0,0.0,0.0,0.0,0.0,0.0,0.0,0.0,0.0,0.0,0.0,1.0,0.0,0.0,0.0
366000.0,0.0,1.0,40.85229,1.0,3000.0,1.66666666667,20.3333333333,236.333333333,1208.66666667,9960.0,292.69195,0.0,0.0,0.0,0.0,0.0,0.0,1.0,0.0,0.0,0.0,0.0,0.0,0.0,0.0,0.0,0.0,0.0,0.0,0.0,0.0,0.0,0.0,0.0,0.0,0.0,0.0,0.0,0.0,0.0,0.0,1.0,0.0,0.0,0.0
802000.0,0.0,2.0,40.84908,2.0,3059.0,1.66666666667,20.3333333333,236.333333333,1208.66666667,9960.0,292.69195,0.0,0.0,0.0,0.0,0.0,0.0,0.0,1.0,0.0,0.0,0.0,0.0,0.0,0.0,0.0,0.0,0.0,0.0,0.0,0.0,0.0,0.0,0.0,0.0,0.0,0.0,0.0,0.0,0.0,0.0,1.0,0.0,0.0,0.0
970000.0,0.0,3.0,40.835449,4.0,3158.0,1.66666666667,19.6666666667,161.333333333,848.333333333,9960.0,292.69195,0.0,0.0,0.0,0.0,0.0,0.0,0.0,0.0,1.0,0.0,0.0,0.0,0.0,0.0,0.0,0.0,0.0,0.0,0.0,0.0,0.0,0.0,0.0,0.0,0.0,0.0,0.0,0.0,0.0,0.0,1.0,0.0,0.0,0.0
4556500.0,0.0,1.0,40.7365155,1.0,1971.0,1.33333333333,9.0,117.666666667,1599.66666667,15070.0,328.32285,1.0,0.0,0.0,0.0,0.0,0.0,0.0,0.0,0.0,0.0,0.0,0.0,0.0,0.0,0.0,0.0,0.0,0.0,0.0,0.0,0.0,0.0,0.0,0.0,0.0,0.0,0.0,0.0,0.0,0.0,0.0,1.0,0.0,0.0
1065997.0,0.0,1.5,40.735195,2.0,2025.0,1.33333333333,9.0,117.666666667,1599.66666667,15070.0,328.32285,0.0,1.0,0.0,0.0,0.0,0.0,0.0,0.0,0.0,0.0,0.0,0.0,0.0,0.0,0.0,0.0,0.0,0.0,0.0,0.0,0.0,0.0,0.0,0.0,0.0,0.0,0.0,0.0,0.0,0.0,0.0,1.0,0.0,0.0
2671000.0,0.0,1.0,40.735839,2.0,8943.5,1.33333333333,9.0,117.666666667,1599.66666667,15070.0,328.32285,0.0,0.0,1.0,0.0,0.0,0.0,0.0,0.0,0.0,0.0,0.0,0.0,0.0,0.0,0.0,0.0,0.0,0.0,0.0,0.0,0.0,0.0,0.0,0.0,0.0,0.0,0.0,0.0,0.0,0.0,0.0,1.0,0.0,0.0
7313000.0,0.0,2.25,40.735915,2.0,3312.0,1.33333333333,9.0,117.666666667,1599.66666667,15070.0,328.32285,0.0,0.0,0.0,1.0,0.0,0.0,0.0,0.0,0.0,0.0,0.0,0.0,0.0,0.0,0.0,0.0,0.0,0.0,0.0,0.0,0.0,0.0,0.0,0.0,0.0,0.0,0.0,0.0,0.0,0.0,0.0,1.0,0.0,0.0
3600000.0,0.0,1.0,40.73116,1.0,6450.0,1.33333333333,9.0,117.666666667,1599.66666667,15070.0,328.32285,0.0,0.0,0.0,0.0,1.0,0.0,0.0,0.0,0.0,0.0,0.0,0.0,0.0,0.0,0.0,0.0,0.0,0.0,0.0,0.0,0.0,0.0,0.0,0.0,0.0,0.0,0.0,0.0,0.0,0.0,0.0,1.0,0.0,0.0
4513000.0,0.0,1.0,40.7357985,1.0,1000.0,1.33333333333,9.0,117.666666667,1599.66666667,15070.0,328.32285,0.0,0.0,0.0,0.0,0.0,1.0,0.0,0.0,0.0,0.0,0.0,0.0,0.0,0.0,0.0,0.0,0.0,0.0,0.0,0.0,0.0,0.0,0.0,0.0,0.0,0.0,0.0,0.0,0.0,0.0,0.0,1.0,0.0,0.0
1750000.0,0.0,1.0,40.73695,1.0,3939.0,1.33333333333,9.0,117.666666667,1599.66666667,15070.0,328.32285,0.0,0.0,0.0,0.0,0.0,0.0,1.0,0.0,0.0,0.0,0.0,0.0,0.0,0.0,0.0,0.0,0.0,0.0,0.0,0.0,0.0,0.0,0.0,0.0,0.0,0.0,0.0,0.0,0.0,0.0,0.0,1.0,0.0,0.0
3200000.0,0.0,2.0,40.735635,2.0,3360.0,1.33333333333,9.0,117.666666667,1599.66666667,15070.0,328.32285,0.0,0.0,0.0,0.0,0.0,0.0,0.0,1.0,0.0,0.0,0.0,0.0,0.0,0.0,0.0,0.0,0.0,0.0,0.0,0.0,0.0,0.0,0.0,0.0,0.0,0.0,0.0,0.0,0.0,0.0,0.0,1.0,0.0,0.0
6556000.0,0.0,3.0,40.735505,4.0,3116.0,1.33333333333,9.0,117.666666667,1599.66666667,15070.0,328.32285,0.0,0.0,0.0,0.0,0.0,0.0,0.0,0.0,1.0,0.0,0.0,0.0,0.0,0.0,0.0,0.0,0.0,0.0,0.0,0.0,0.0,0.0,0.0,0.0,0.0,0.0,0.0,0.0,0.0,0.0,0.0,1.0,0.0,0.0
94581.0,0.0,1.0,40.7128,1.0,932.0,0.666666666667,7.33333333333,122.333333333,741.333333333,4581.0,307.0034,1.0,0.0,0.0,0.0,0.0,0.0,0.0,0.0,0.0,0.0,0.0,0.0,0.0,0.0,0.0,0.0,0.0,0.0,0.0,0.0,0.0,0.0,0.0,0.0,0.0,0.0,0.0,0.0,0.0,0.0,0.0,0.0,1.0,0.0
700000.0,0.0,1.5,40.709789,2.0,7290.5,0.666666666667,7.33333333333,122.333333333,741.333333333,4581.0,307.0034,0.0,1.0,0.0,0.0,0.0,0.0,0.0,0.0,0.0,0.0,0.0,0.0,0.0,0.0,0.0,0.0,0.0,0.0,0.0,0.0,0.0,0.0,0.0,0.0,0.0,0.0,0.0,0.0,0.0,0.0,0.0,0.0,1.0,0.0
819000.0,0.0,2.25,40.72244,2.0,2700.0,1.66666666667,19.6666666667,127.0,1364.0,4581.0,307.0034,0.0,0.0,0.0,1.0,0.0,0.0,0.0,0.0,0.0,0.0,0.0,0.0,0.0,0.0,0.0,0.0,0.0,0.0,0.0,0.0,0.0,0.0,0.0,0.0,0.0,0.0,0.0,0.0,0.0,0.0,0.0,0.0,1.0,0.0
679000.0,0.0,1.0,40.713799,1.0,1500.0,0.666666666667,7.33333333333,122.333333333,741.333333333,4581.0,307.0034,0.0,0.0,0.0,0.0,0.0,1.0,0.0,0.0,0.0,0.0,0.0,0.0,0.0,0.0,0.0,0.0,0.0,0.0,0.0,0.0,0.0,0.0,0.0,0.0,0.0,0.0,0.0,0.0,0.0,0.0,0.0,0.0,1.0,0.0
430000.0,0.0,2.0,40.71367,2.0,3277.0,0.666666666667,7.33333333333,122.333333333,741.333333333,4581.0,307.0034,0.0,0.0,0.0,0.0,0.0,0.0,0.0,1.0,0.0,0.0,0.0,0.0,0.0,0.0,0.0,0.0,0.0,0.0,0.0,0.0,0.0,0.0,0.0,0.0,0.0,0.0,0.0,0.0,0.0,0.0,0.0,0.0,1.0,0.0
896000.0,0.0,3.0,40.72673,4.0,3300.0,1.66666666667,19.6666666667,127.0,1364.0,4581.0,307.0034,0.0,0.0,0.0,0.0,0.0,0.0,0.0,0.0,1.0,0.0,0.0,0.0,0.0,0.0,0.0,0.0,0.0,0.0,0.0,0.0,0.0,0.0,0.0,0.0,0.0,0.0,0.0,0.0,0.0,0.0,0.0,0.0,1.0,0.0
657645.0,0.0,1.0,40.711056,1.0,1295.0,0.666666666667,7.33333333333,122.333333333,741.333333333,4581.0,307.0034,0.0,0.0,0.0,0.0,0.0,0.0,0.0,0.0,0.0,1.0,0.0,0.0,0.0,0.0,0.0,0.0,0.0,0.0,0.0,0.0,0.0,0.0,0.0,0.0,0.0,0.0,0.0,0.0,0.0,0.0,0.0,0.0,1.0,0.0
1026000.0,0.0,1.0,40.7894,1.0,850.0,5.0,18.6666666667,247.333333333,1029.33333333,5750.0,296.80575,1.0,0.0,0.0,0.0,0.0,0.0,0.0,0.0,0.0,0.0,0.0,0.0,0.0,0.0,0.0,0.0,0.0,0.0,0.0,0.0,0.0,0.0,0.0,0.0,0.0,0.0,0.0,0.0,0.0,0.0,0.0,0.0,0.0,1.0
256755.0,0.0,1.5,40.789615,2.0,1671.0,5.0,18.6666666667,247.333333333,1029.33333333,5750.0,296.80575,0.0,1.0,0.0,0.0,0.0,0.0,0.0,0.0,0.0,0.0,0.0,0.0,0.0,0.0,0.0,0.0,0.0,0.0,0.0,0.0,0.0,0.0,0.0,0.0,0.0,0.0,0.0,0.0,0.0,0.0,0.0,0.0,0.0,1.0
4524500.0,0.0,1.0,40.7894835,2.0,24365.0,5.0,18.6666666667,247.333333333,1029.33333333,5750.0,296.80575,0.0,0.0,1.0,0.0,0.0,0.0,0.0,0.0,0.0,0.0,0.0,0.0,0.0,0.0,0.0,0.0,0.0,0.0,0.0,0.0,0.0,0.0,0.0,0.0,0.0,0.0,0.0,0.0,0.0,0.0,0.0,0.0,0.0,1.0
1627000.0,0.0,2.25,40.791105,2.0,2700.0,5.0,18.6666666667,247.333333333,1029.33333333,5750.0,296.80575,0.0,0.0,0.0,1.0,0.0,0.0,0.0,0.0,0.0,0.0,0.0,0.0,0.0,0.0,0.0,0.0,0.0,0.0,0.0,0.0,0.0,0.0,0.0,0.0,0.0,0.0,0.0,0.0,0.0,0.0,0.0,0.0,0.0,1.0
839500.0,0.0,1.0,40.78968,1.0,825.0,5.0,18.6666666667,247.333333333,1029.33333333,5750.0,296.80575,0.0,0.0,0.0,0.0,0.0,1.0,0.0,0.0,0.0,0.0,0.0,0.0,0.0,0.0,0.0,0.0,0.0,0.0,0.0,0.0,0.0,0.0,0.0,0.0,0.0,0.0,0.0,0.0,0.0,0.0,0.0,0.0,0.0,1.0
586500.0,0.0,1.0,40.7918875,1.0,4136.5,5.0,18.6666666667,247.333333333,1029.33333333,5750.0,296.80575,0.0,0.0,0.0,0.0,0.0,0.0,1.0,0.0,0.0,0.0,0.0,0.0,0.0,0.0,0.0,0.0,0.0,0.0,0.0,0.0,0.0,0.0,0.0,0.0,0.0,0.0,0.0,0.0,0.0,0.0,0.0,0.0,0.0,1.0
689000.0,0.0,2.0,40.79227,2.0,4805.5,5.0,18.6666666667,247.333333333,1029.33333333,5750.0,296.80575,0.0,0.0,0.0,0.0,0.0,0.0,0.0,1.0,0.0,0.0,0.0,0.0,0.0,0.0,0.0,0.0,0.0,0.0,0.0,0.0,0.0,0.0,0.0,0.0,0.0,0.0,0.0,0.0,0.0,0.0,0.0,0.0,0.0,1.0
1407000.0,0.0,3.0,40.792352,4.0,4800.0,5.0,18.6666666667,247.333333333,1029.33333333,5750.0,296.80575,0.0,0.0,0.0,0.0,0.0,0.0,0.0,0.0,1.0,0.0,0.0,0.0,0.0,0.0,0.0,0.0,0.0,0.0,0.0,0.0,0.0,0.0,0.0,0.0,0.0,0.0,0.0,0.0,0.0,0.0,0.0,0.0,0.0,1.0
